Workbook

Sheet english
A1: Year | B1: Average Number of Layers ('000) | C1: Eggs per 100 Layers | D1: Total Production ('000 dozens) | E1: Total Value ($'000)
A2: 1998 | B2: 8254 | C2: 28356 | D2: 195042 | E2: 227933
A3: 1999 | B3: 8806 | C3: 27857 | D3: 204424 | E3: 238674
A4: 2000 | B4: 8897 | C4: 27968 | D4: 207361 | E4: 251165
A5: 2001 | B5: 9096 | C5: 28084 | D5: 212876 | E5: 265480
A6: 2002 | B6: 9418 | C6: 27596 | D6: 216585 | E6: 268544
A7: 2003 | B7: 9475 | C7: 27477 | D7: 216957 | E7: 267939
A8: 2004 | B8: 9619 | C8: 27268 | D8: 218577 | E8: 287404
A9: 2005 | B9: 9754 | C9: 28159 | D9: 228889 | E9: 264896
A10: 2006 | B10: 9492 | C10: 28646 | D10: 226590 | E10: 273582
A11: 2007 | B11: 9415 | C11: 28983 | D11: 227392 | E11: 290095
A12: 2008 | B12: 9519 | C12: 29485 | D12: 233886 | E12: 317945
A13: 2009 | B13: 9715 | C13: 28961 | D13: 234463 | E13: 338326
... A28: 2024 | B28: 13449 | C28: 30223 | D28: 338724 | E28: 800393

Sheet french
A1: Production des oeufs en Ontario (1998-2024)
B2: Nombre moyen de pondeuses ('000) | C2: Oeufs par 100 pondeuses (nombre) | D2: Production totale ('000 douz) | E2: Valeur totale ($'000)
A3: 1998 | B3: =+english!B2 -> 8254 | C3: =+english!C2 -> 28356 | D3: =+english!D2 -> 195042 | E3: =+english!E2 -> 227933
A4: 1999 | B4: =+english!B3 -> 8806 | C4: =+english!C3 -> 27857 | D4: =+english!D3 -> 204424 | E4: =+english!E3 -> 238674
A5: 2000 | B5: =+english!B4 -> 8897 | C5: =+english!C4 -> 27968 | D5: =+english!D4 -> 207361 | E5: =+english!E4 -> 251165
A6: 2001 | B6: =+english!B5 -> 9096 | C6: =+english!C5 -> 28084 | D6: =+english!D5 -> 212876 | E6: =+english!E5 -> 265480
A7: 2002 | B7: =+english!B6 -> 9418 | C7: =+english!C6 -> 27596 | D7: =+english!D6 -> 216585 | E7: =+english!E6 -> 268544
A8: 2003 | B8: =+english!B7 -> 9475 | C8: =+english!C7 -> 27477 | D8: =+english!D7 -> 216957 | E8: =+english!E7 -> 267939
A9: 2004 | B9: =+english!B8 -> 9619 | C9: =+english!C8 -> 27268 | D9: =+english!D8 -> 218577 | E9: =+english!E8 -> 287404
A10: 2005 | B10: =+english!B9 -> 9754 | C10: =+english!C9 -> 28159 | D10: =+english!D9 -> 228889 | E10: =+english!E9 -> 264896
A11: 2006 | B11: =+english!B10 -> 9492 | C11: =+english!C10 -> 28646 | D11: =+english!D10 -> 226590 | E11: =+english!E10 -> 273582
A12: 2007 | B12: =+english!B11 -> 9415 | C12: =+english!C11 -> 28983 | D12: =+english!D11 -> 227392 | E12: =+english!E11 -> 290095
A13: 2008 | B13: =+english!B12 -> 9519 | C13: =+english!C12 -> 29485 | D13: =+english!D12 -> 233886 | E13: =+english!E12 -> 317945
A14: 2009 | B14: =+english!B13 -> 9715 | C14: =+english!C13 -> 28961 | D14: =+english!D13 -> 234463 | E14: =+english!E13 -> 338326
... A29: 2024 | B29: =+english!B28 -> 13449 | C29: =+english!C28 -> 30223 | D29: =+english!D28 -> 338724 | E29: =+english!E28 -> 800393
A30: Source: Statistique Canada. Tableau 32-10-0119-01
A31: =+english!#REF! -> #REF!
